"Title","Link","Price","Stock"
"Scott Pilgrim's Precious Little Life (Scott Pilgrim #1)","https://books.toscrape.com/catalogue/scott-pilgrims-precious-little-life-scott-pilgrim-1_987/index.html","£52.29","In stock"
"Tsubasa: WoRLD CHRoNiCLE 2 (Tsubasa WoRLD CHRoNiCLE #2)","https://books.toscrape.com/catalogue/tsubasa-world-chronicle-2-tsubasa-world-chronicle-2_949/index.html","£16.28","In stock"
"This One Summer","https://books.toscrape.com/catalogue/this-one-summer_947/index.html","£19.49","In stock"
"The Nameless City (The Nameless City #1)","https://books.toscrape.com/catalogue/the-nameless-city-the-nameless-city-1_940/index.html","£38.16","In stock"
"Saga, Volume 5 (Saga (Collected Editions) #5)","https://books.toscrape.com/catalogue/saga-volume-5-saga-collected-editions-5_923/index.html","£51.04","In stock"
"Rat Queens, Vol. 3: Demons (Rat Queens (Collected Editions) #11-15)","https://books.toscrape.com/catalogue/rat-queens-vol-3-demons-rat-queens-collected-editions-11-15_921/index.html","£50.40","In stock"
"Princess Jellyfish 2-in-1 Omnibus, Vol. 01 (Princess Jellyfish 2-in-1 Omnibus #1)","https://books.toscrape.com/catalogue/princess-jellyfish-2-in-1-omnibus-vol-01-princess-jellyfish-2-in-1-omnibus-1_920/index.html","£13.61","In stock"
"Pop Gun War, Volume 1: Gift","https://books.toscrape.com/catalogue/pop-gun-war-volume-1-gift_918/index.html","£18.97","In stock"
"Patience","https://books.toscrape.com/catalogue/patience_916/index.html","£10.16","In stock"
"Outcast, Vol. 1: A Darkness Surrounds Him (Outcast #1)","https://books.toscrape.com/catalogue/outcast-vol-1-a-darkness-surrounds-him-outcast-1_915/index.html","£15.44","In stock"
"orange: The Complete Collection 1 (orange: The Complete Collection #1)","https://books.toscrape.com/catalogue/orange-the-complete-collection-1-orange-the-complete-collection-1_914/index.html","£48.41","In stock"
"Lumberjanes, Vol. 2: Friendship to the Max (Lumberjanes #5-8)","https://books.toscrape.com/catalogue/lumberjanes-vol-2-friendship-to-the-max-lumberjanes-5-8_907/index.html","£46.91","In stock"
"Lumberjanes, Vol. 1: Beware the Kitten Holy (Lumberjanes #1-4)","https://books.toscrape.com/catalogue/lumberjanes-vol-1-beware-the-kitten-holy-lumberjanes-1-4_906/index.html","£45.61","In stock"
"Lumberjanes Vol. 3: A Terrible Plan (Lumberjanes #9-12)","https://books.toscrape.com/catalogue/lumberjanes-vol-3-a-terrible-plan-lumberjanes-9-12_905/index.html","£19.92","In stock"
"I Hate Fairyland, Vol. 1: Madly Ever After (I Hate Fairyland (Compilations) #1-5)","https://books.toscrape.com/catalogue/i-hate-fairyland-vol-1-madly-ever-after-i-hate-fairyland-compilations-1-5_899/index.html","£29.17","In stock"
"I am a Hero Omnibus Volume 1","https://books.toscrape.com/catalogue/i-am-a-hero-omnibus-volume-1_898/index.html","£54.63","In stock"
"Giant Days, Vol. 2 (Giant Days #5-8)","https://books.toscrape.com/catalogue/giant-days-vol-2-giant-days-5-8_895/index.html","£22.11","In stock"
"Danganronpa Volume 1","https://books.toscrape.com/catalogue/danganronpa-volume-1_889/index.html","£51.99","In stock"
"Codename Baboushka, Volume 1: The Conclave of Death","https://books.toscrape.com/catalogue/codename-baboushka-volume-1-the-conclave-of-death_887/index.html","£36.72","In stock"
"Camp Midnight","https://books.toscrape.com/catalogue/camp-midnight_886/index.html","£17.08","In stock"
"Bitch Planet, Vol. 1: Extraordinary Machine (Bitch Planet (Collected Editions))","https://books.toscrape.com/catalogue/bitch-planet-vol-1-extraordinary-machine-bitch-planet-collected-editions_882/index.html","£37.92","In stock"
"The Shadow Hero (The Shadow Hero)","https://books.toscrape.com/catalogue/the-shadow-hero-the-shadow-hero_860/index.html","£33.14","In stock"
"Fables, Vol. 1: Legends in Exile (Fables #1)","https://books.toscrape.com/catalogue/fables-vol-1-legends-in-exile-fables-1_806/index.html","£41.62","In stock"
"Batman: The Long Halloween (Batman)","https://books.toscrape.com/catalogue/batman-the-long-halloween-batman_793/index.html","£36.50","In stock"
"Batman: The Dark Knight Returns (Batman)","https://books.toscrape.com/catalogue/batman-the-dark-knight-returns-batman_792/index.html","£15.38","In stock"
"Wonder Woman: Earth One, Volume One (Wonder Woman: Earth One #1)","https://books.toscrape.com/catalogue/wonder-woman-earth-one-volume-one-wonder-woman-earth-one-1_783/index.html","£37.34","In stock"
"We Are Robin, Vol. 1: The Vigilante Business (We Are Robin #1)","https://books.toscrape.com/catalogue/we-are-robin-vol-1-the-vigilante-business-we-are-robin-1_778/index.html","£53.90","In stock"
"Through the Woods","https://books.toscrape.com/catalogue/through-the-woods_772/index.html","£25.38","In stock"
"Superman Vol. 1: Before Truth (Superman by Gene Luen Yang #1)","https://books.toscrape.com/catalogue/superman-vol-1-before-truth-superman-by-gene-luen-yang-1_739/index.html","£11.89","In stock"
"So Cute It Hurts!!, Vol. 6 (So Cute It Hurts!! #6)","https://books.toscrape.com/catalogue/so-cute-it-hurts-vol-6-so-cute-it-hurts-6_734/index.html","£35.43","In stock"
"Robin War","https://books.toscrape.com/catalogue/robin-war_730/index.html","£47.82","In stock"
"Red Hood/Arsenal, Vol. 1: Open for Business (Red Hood/Arsenal #1)","https://books.toscrape.com/catalogue/red-hoodarsenal-vol-1-open-for-business-red-hoodarsenal-1_729/index.html","£25.48","In stock"
"Naruto (3-in-1 Edition), Vol. 14: Includes Vols. 40, 41 & 42 (Naruto: Omnibus #14)","https://books.toscrape.com/catalogue/naruto-3-in-1-edition-vol-14-includes-vols-40-41-42-naruto-omnibus-14_721/index.html","£38.39","In stock"
"Lowriders to the Center of the Earth (Lowriders in Space #2)","https://books.toscrape.com/catalogue/lowriders-to-the-center-of-the-earth-lowriders-in-space-2_712/index.html","£51.51","In stock"
"El Deafo","https://books.toscrape.com/catalogue/el-deafo_691/index.html","£57.62","In stock"
"Batman: Europa","https://books.toscrape.com/catalogue/batman-europa_668/index.html","£32.01","In stock"
"Art Ops Vol. 1","https://books.toscrape.com/catalogue/art-ops-vol-1_664/index.html","£48.80","In stock"
"Adulthood Is a Myth: A ""Sarah's Scribbles"" Collection","https://books.toscrape.com/catalogue/adulthood-is-a-myth-a-sarahs-scribbles-collection_659/index.html","£10.90","In stock"
"Fruits Basket, Vol. 9 (Fruits Basket #9)","https://books.toscrape.com/catalogue/fruits-basket-vol-9-fruits-basket-9_563/index.html","£33.95","In stock"
"Roller Girl","https://books.toscrape.com/catalogue/roller-girl_540/index.html","£14.10","In stock"
"Fruits Basket, Vol. 7 (Fruits Basket #7)","https://books.toscrape.com/catalogue/fruits-basket-vol-7-fruits-basket-7_468/index.html","£19.57","In stock"
"Fruits Basket, Vol. 6 (Fruits Basket #6)","https://books.toscrape.com/catalogue/fruits-basket-vol-6-fruits-basket-6_427/index.html","£20.96","In stock"
"Death Note, Vol. 6: Give-and-Take (Death Note #6)","https://books.toscrape.com/catalogue/death-note-vol-6-give-and-take-death-note-6_425/index.html","£36.39","In stock"
"Fruits Basket, Vol. 5 (Fruits Basket #5)","https://books.toscrape.com/catalogue/fruits-basket-vol-5-fruits-basket-5_376/index.html","£16.33","In stock"
"Death Note, Vol. 5: Whiteout (Death Note #5)","https://books.toscrape.com/catalogue/death-note-vol-5-whiteout-death-note-5_368/index.html","£52.41","In stock"
"The Demon Prince of Momochi House, Vol. 4 (The Demon Prince of Momochi House #4)","https://books.toscrape.com/catalogue/the-demon-prince-of-momochi-house-vol-4-the-demon-prince-of-momochi-house-4_344/index.html","£27.88","In stock"
"Fruits Basket, Vol. 4 (Fruits Basket #4)","https://books.toscrape.com/catalogue/fruits-basket-vol-4-fruits-basket-4_321/index.html","£50.44","In stock"
"The Wicked + The Divine, Vol. 3: Commercial Suicide (The Wicked + The Divine)","https://books.toscrape.com/catalogue/the-wicked-the-divine-vol-3-commercial-suicide-the-wicked-the-divine_287/index.html","£14.41","In stock"
"The Sandman, Vol. 3: Dream Country (The Sandman (volumes) #3)","https://books.toscrape.com/catalogue/the-sandman-vol-3-dream-country-the-sandman-volumes-3_279/index.html","£55.55","In stock"
"Saga, Volume 3 (Saga (Collected Editions) #3)","https://books.toscrape.com/catalogue/saga-volume-3-saga-collected-editions-3_216/index.html","£21.57","In stock"
"Prodigy: The Graphic Novel (Legend: The Graphic Novel #2)","https://books.toscrape.com/catalogue/prodigy-the-graphic-novel-legend-the-graphic-novel-2_207/index.html","£43.63","In stock"
"Persepolis: The Story of a Childhood (Persepolis #1-2)","https://books.toscrape.com/catalogue/persepolis-the-story-of-a-childhood-persepolis-1-2_206/index.html","£39.13","In stock"
"Original Fake","https://books.toscrape.com/catalogue/original-fake_203/index.html","£31.45","In stock"
"Grayson, Vol 3: Nemesis (Grayson #3)","https://books.toscrape.com/catalogue/grayson-vol-3-nemesis-grayson-3_164/index.html","£42.72","In stock"
"Fruits Basket, Vol. 3 (Fruits Basket #3)","https://books.toscrape.com/catalogue/fruits-basket-vol-3-fruits-basket-3_159/index.html","£45.17","In stock"
"Black Butler, Vol. 1 (Black Butler #1)","https://books.toscrape.com/catalogue/black-butler-vol-1-black-butler-1_130/index.html","£49.31","In stock"
"Awkward","https://books.toscrape.com/catalogue/awkward_124/index.html","£38.02","In stock"
"The Sandman, Vol. 2: The Doll's House (The Sandman (volumes) #2)","https://books.toscrape.com/catalogue/the-sandman-vol-2-the-dolls-house-the-sandman-volumes-2_110/index.html","£54.81","In stock"
"Saga, Volume 2 (Saga (Collected Editions) #2)","https://books.toscrape.com/catalogue/saga-volume-2-saga-collected-editions-2_107/index.html","£11.75","In stock"
"Fruits Basket, Vol. 2 (Fruits Basket #2)","https://books.toscrape.com/catalogue/fruits-basket-vol-2-fruits-basket-2_100/index.html","£11.64","In stock"
"Y: The Last Man, Vol. 1: Unmanned (Y: The Last Man #1)","https://books.toscrape.com/catalogue/y-the-last-man-vol-1-unmanned-y-the-last-man-1_98/index.html","£18.51","In stock"
"The Wicked + The Divine, Vol. 1: The Faust Act (The Wicked + The Divine)","https://books.toscrape.com/catalogue/the-wicked-the-divine-vol-1-the-faust-act-the-wicked-the-divine_86/index.html","£36.52","In stock"
"The Sandman, Vol. 1: Preludes and Nocturnes (The Sandman (volumes) #1)","https://books.toscrape.com/catalogue/the-sandman-vol-1-preludes-and-nocturnes-the-sandman-volumes-1_79/index.html","£54.12","In stock"
"The Complete Maus (Maus #1-2)","https://books.toscrape.com/catalogue/the-complete-maus-maus-1-2_62/index.html","£10.64","In stock"
"Skip Beat!, Vol. 01 (Skip Beat! #1)","https://books.toscrape.com/catalogue/skip-beat-vol-01-skip-beat-1_55/index.html","£42.12","In stock"
"Saga, Volume 1 (Saga (Collected Editions) #1)","https://books.toscrape.com/catalogue/saga-volume-1-saga-collected-editions-1_48/index.html","£28.48","In stock"
"Rat Queens, Vol. 1: Sass & Sorcery (Rat Queens (Collected Editions) #1-5)","https://books.toscrape.com/catalogue/rat-queens-vol-1-sass-sorcery-rat-queens-collected-editions-1-5_46/index.html","£46.96","In stock"
"Paper Girls, Vol. 1 (Paper Girls #1-5)","https://books.toscrape.com/catalogue/paper-girls-vol-1-paper-girls-1-5_44/index.html","£21.71","In stock"
"Ouran High School Host Club, Vol. 1 (Ouran High School Host Club #1)","https://books.toscrape.com/catalogue/ouran-high-school-host-club-vol-1-ouran-high-school-host-club-1_43/index.html","£29.87","In stock"
"Ms. Marvel, Vol. 1: No Normal (Ms. Marvel (2014-2015) #1)","https://books.toscrape.com/catalogue/ms-marvel-vol-1-no-normal-ms-marvel-2014-2015-1_34/index.html","£39.39","In stock"
"Hawkeye, Vol. 1: My Life as a Weapon (Hawkeye #1)","https://books.toscrape.com/catalogue/hawkeye-vol-1-my-life-as-a-weapon-hawkeye-1_24/index.html","£45.24","In stock"
"Giant Days, Vol. 1 (Giant Days #1-4)","https://books.toscrape.com/catalogue/giant-days-vol-1-giant-days-1-4_22/index.html","£56.76","In stock"
"Fruits Basket, Vol. 1 (Fruits Basket #1)","https://books.toscrape.com/catalogue/fruits-basket-vol-1-fruits-basket-1_21/index.html","£40.28","In stock"
"Bleach, Vol. 1: Strawberry and the Soul Reapers (Bleach #1)","https://books.toscrape.com/catalogue/bleach-vol-1-strawberry-and-the-soul-reapers-bleach-1_7/index.html","£34.65","In stock"
"Ajin: Demi-Human, Volume 1 (Ajin: Demi-Human #1)","https://books.toscrape.com/catalogue/ajin-demi-human-volume-1-ajin-demi-human-1_4/index.html","£57.06","In stock"